Date,4046,4225,4770,Bags,Total Volume,Average Price,Year,Month,MonthYear
2004-01-11,4265761,4243384,52653,270145,8831943,1.14,2004,Jan,2004-01
2004-01-18,4329963,4628360,55893,323018,9337234,1.13,2004,Jan,2004-01
2004-01-25,4692960,4743630,86055,309007,9831652,1.09,2004,Jan,2004-01
2004-02-01,8352293,8588426,216352,369575,17526646,0.88,2004,Feb,2004-02
2004-02-08,5056271,5413608,99135,407924,10976938,1.01,2004,Feb,2004-02
2004-02-15,4600737,4534108,106008,295071,9535924,1.09,2004,Feb,2004-02
2004-02-22,4933657,4898833,89992,325594,10248076,1.06,2004,Feb,2004-02
2004-02-29,4672635,5890553,89060,346611,10998859,1.02,2004,Feb,2004-02
2004-03-07,4368266,4986470,98834,417609,9871179,1.09,2004,Mar,2004-03
2004-03-14,4134591,6235106,167181,505942,11042820,1.06,2004,Mar,2004-03
2004-03-21,4883434,5251778,97152,388772,10621136,1.08,2004,Mar,2004-03
2004-03-28,5185475,5384377,102849,691843,11364544,1.06,2004,Mar,2004-03
2004-04-04,4475869,6254093,171048,582846,11483856,1.09,2004,Apr,2004-04
2004-04-11,4236278,5734935,114888,572456,10658557,1.18,2004,Apr,2004-04
2004-04-18,5151189,6489452,117929,525282,12283852,1.05,2004,Apr,2004-04
2004-04-25,4524589,6088070,111907,526312,11250878,1.07,2004,Apr,2004-04
2004-05-02,7313035,7926863,128518,521576,15889992,0.95,2004,May,2004-05
2004-05-09,7501765,7648107,195053,666599,16011524,0.92,2004,May,2004-05
2004-05-16,5095263,5332273,111427,483216,11022179,1.08,2004,May,2004-05
2004-05-23,6408517,5575190,83601,382953,12450261,1.03,2004,May,2004-05
2004-05-30,6300484,6671190,84853,456058,13512585,1.06,2004,May,2004-05
2004-06-06,7658855,5734427,112707,619071,14125060,1,2004,Jun,2004-06
2004-06-13,6685310,5816591,121135,567981,13191017,1.01,2004,Jun,2004-06
2004-06-20,5949933,5496684,121851,556576,12125044,1.07,2004,Jun,2004-06
2004-06-27,5291699,4702015,123538,736154,10853406,1.13,2004,Jun,2004-06
2004-07-04,7104269,6073763,178604,703738,14060374,1.1,2004,Jul,2004-07
2004-07-11,6457828,5890827,160465,689824,13198944,1.07,2004,Jul,2004-07
2004-07-18,5332374,5705084,158181,625930,11821569,1.1,2004,Jul,2004-07
2004-07-25,5364853,5754894,185445,661556,11966748,1.11,2004,Jul,2004-07
2004-08-01,4960036,5910668,200824,591393,11662921,1.1,2004,Aug,2004-08
2004-08-08,4966763,6988064,149813,712724,12817364,1.06,2004,Aug,2004-08
2004-08-15,5499818,6211725,144583,965684,12821810,1.01,2004,Aug,2004-08
2004-08-22,5760240,6693532,139173,688211,13281156,1,2004,Aug,2004-08
2004-08-29,5747766,8179022,132054,696435,14755277,0.9,2004,Aug,2004-08
2004-09-05,7749929,8601603,125325,637084,17113941,0.85,2004,Sep,2004-09
2004-09-12,7154833,8031743,129982,581385,15897943,0.89,2004,Sep,2004-09
2004-09-19,6369993,7107312,218502,555953,14251760,0.89,2004,Sep,2004-09
2004-09-26,5047961,6772534,134868,523766,12479129,0.94,2004,Sep,2004-09
2004-10-03,6556451,5524694,145272,546508,12772925,0.93,2004,Oct,2004-10
2004-10-10,5565108,5976550,115528,568370,12225556,0.97,2004,Oct,2004-10
2004-10-17,6016626,6807744,109748,569238,13503356,0.9,2004,Oct,2004-10
2004-10-24,7060319,7260137,93053,498560,14912069,0.78,2004,Oct,2004-10
2004-10-31,7213421,6200374,98887,1287956,14800638,0.76,2004,Oct,2004-10
2004-11-07,5375610,6734857,100788,709296,12920551,0.84,2004,Nov,2004-11
2004-11-14,6689455,7270834,76210,717197,14753696,0.76,2004,Nov,2004-11
2004-11-21,5976836,5448663,100180,601216,12126895,0.83,2004,Nov,2004-11
2004-11-28,5287526,4924926,106933,648534,10967919,0.87,2004,Nov,2004-11
2004-12-05,7236252,6158614,185546,564956,14145368,0.76,2004,Dec,2004-12
2004-12-12,6322455,526e4,70433,497504,12150392,0.82,2004,Dec,2004-12
2004-12-19,4631122,4612405,94530,511705,9849762,0.95,2004,Dec,2004-12
2004-12-26,5224889,5684626,142558,628128,11680201,0.94,2004,Dec,2004-12
2005-01-02,9320080,10837655,253478,1440732,21851945,0.69,2005,Jan,2005-01
2005-01-09,5740542,6666491,170412,1251157,13828602,0.85,2005,Jan,2005-01
2005-01-16,5436393,5859017,187943,910306,12393659,0.97,2005,Jan,2005-01
2005-01-23,5433218,6879581,136409,617413,13066621,0.96,2005,Jan,2005-01
2005-01-30,5137289,6548864,184812,754057,12625022,0.96,2005,Jan,2005-01
2005-02-06,10143161,10685966,469158,1349202,22647487,0.76,2005,Feb,2005-02
2005-02-13,7689363,6366867,275582,887147,15218959,0.81,2005,Feb,2005-02
2005-02-20,8060022,6086757,107330,789713,15043822,0.81,2005,Feb,2005-02
2005-02-27,7019319,6988345,260652,763764,15032080,0.85,2005,Feb,2005-02
2005-03-06,6590802,6867589,146132,767751,14372274,0.87,2005,Mar,2005-03
2005-03-13,5736195,6265151,202033,993204,13196583,0.9,2005,Mar,2005-03
2005-03-20,5079985,6172021,244821,846146,12342973,0.97,2005,Mar,2005-03
2005-03-27,5201793,6267339,152973,1243310,12865415,0.99,2005,Mar,2005-03
2005-04-03,4624499,7122882,160061,900402,12807844,1.01,2005,Apr,2005-04
2005-04-10,5049616,7963370,169270,1359039,14541295,0.96,2005,Apr,2005-04
2005-04-17,4970761,7970539,354764,1254228,14550292,0.97,2005,Apr,2005-04
2005-04-24,5566801,7290962,223546,911789,13993098,0.97,2005,Apr,2005-04
2005-05-01,7548749,9025025,206357,837158,17617289,0.91,2005,May,2005-05
2005-05-08,7202808,10030634,514767,627050,18375259,0.91,2005,May,2005-05
2005-05-15,6097407,8302261,236e3,558872,15194540,0.96,2005,May,2005-05
2005-05-22,6809615,8381100,241030,621597,16053342,0.95,2005,May,2005-05
2005-05-29,5938601,8641201,407675,675711,15663188,1.01,2005,May,2005-05
2005-06-05,5971865,7498279,300223,499218,14269585,1.02,2005,Jun,2005-06
2005-06-12,5818876,7769449,252737,762713,14603775,1.01,2005,Jun,2005-06
2005-06-19,5837300,8962224,375005,913257,16087786,0.98,2005,Jun,2005-06
2005-06-26,6113359,8375926,265507,913835,15668627,0.98,2005,Jun,2005-06
2005-07-03,6352803,7838611,320020,1253772,15765206,1.04,2005,Jul,2005-07
2005-07-10,6242546,6693078,250510,829854,14015988,1.12,2005,Jul,2005-07
2005-07-17,5389290,5907730,252096,718027,12267143,1.13,2005,Jul,2005-07
2005-07-24,4450884,6243177,243440,758290,11695791,1.21,2005,Jul,2005-07
2005-07-31,4426712,5611675,234719,768742,11041848,1.24,2005,Jul,2005-07
2005-08-07,4748370,5801116,232409,734615,11516510,1.23,2005,Aug,2005-08
2005-08-14,4189503,5573210,205019,693849,10661581,1.27,2005,Aug,2005-08
2005-08-21,4154714,5336191,281441,779845,10552191,1.25,2005,Aug,2005-08
2005-08-28,4724662,5755371,206801,822498,11509332,1.19,2005,Aug,2005-08
2005-09-04,4447192,8504868,247265,860121,14059446,1.12,2005,Sep,2005-09
2005-09-11,4604100,7948733,205941,862725,13621499,1.08,2005,Sep,2005-09
2005-09-18,4554213,7611896,188918,786974,13142001,1.03,2005,Sep,2005-09
2005-09-25,4637558,7803239,177426,762842,13381065,1,2005,Sep,2005-09
2005-10-02,5936930,7394631,154002,785916,14271479,0.94,2005,Oct,2005-10
2005-10-09,5498379,7596556,139904,804718,14039557,0.96,2005,Oct,2005-10
2005-10-16,5316658,7122965,134260,762054,13335937,0.95,2005,Oct,2005-10
2005-10-23,5071465,6545906,159863,790669,12567903,0.99,2005,Oct,2005-10
2005-10-30,4468757,7412118,129986,801043,12811904,0.99,2005,Oct,2005-10
2005-11-06,4964873,7524093,205201,677720,13371887,0.96,2005,Nov,2005-11
2005-11-13,4361547,7096294,167155,862020,12487016,1.01,2005,Nov,2005-11
2005-11-20,4930327,6254546,148209,952996,12286078,0.94,2005,Nov,2005-11
2005-11-27,4485349,5863688,133231,1099571,11581839,0.96,2005,Nov,2005-11
2005-12-04,5052656,6954922,206264,837684,13051526,0.91,2005,Dec,2005-12
2005-12-11,5146588,6123140,200588,720100,12190416,0.94,2005,Dec,2005-12
2005-12-18,4744313,5374137,205796,770427,11094673,0.96,2005,Dec,2005-12
2005-12-25,5210663,6293837,285621,946112,12736233,1.04,2005,Dec,2005-12
2006-01-08,4344095,8344009,658602,2199433,15546139,0.83,2006,Jan,2006-01
2006-01-15,3459486,8194353,927861,2697507,15279207,0.91,2006,Jan,2006-01
2006-01-22,3654890,9241961,798538,2403056,16098445,0.87,2006,Jan,2006-01
2006-01-29,4128226,8893816,413223,2037561,15472826,0.88,2006,Jan,2006-01
2006-02-05,8589529,15381508,1022360,2013806,27007203,0.72,2006,Feb,2006-02
2006-02-12,4953237,8765655,371159,2101238,16191289,0.82,2006,Feb,2006-02
2006-02-19,4267264,7239660,435660,1845448,13788032,0.91,2006,Feb,2006-02
2006-02-26,4430578,10079594,777027,1908526,17195725,0.84,2006,Feb,2006-02
2006-03-05,5026703,8810128,457313,2145022,16439166,0.85,2006,Mar,2006-03
2006-03-12,5627961,8946095,525119,2713346,17812521,0.79,2006,Mar,2006-03
2006-03-19,4629457,8488652,1106881,1970533,16195523,0.86,2006,Mar,2006-03
2006-03-26,3977863,10436511,551792,2569826,17535992,0.87,2006,Mar,2006-03
2006-04-02,4717725,9207036,1045873,2607796,17578430,0.84,2006,Apr,2006-04
2006-04-09,4635426,10265994,515375,2472419,17889214,0.85,2006,Apr,2006-04
2006-04-16,4193158,10110475,849557,2166759,17319949,0.93,2006,Apr,2006-04
2006-04-23,3797845,9847909,695531,1812423,16153708,0.91,2006,Apr,2006-04
2006-04-30,4442769,12002028,1377238,1894835,19716870,0.85,2006,Apr,2006-04
2006-05-07,6677856,15831060,1234437,1951623,25694976,0.78,2006,May,2006-05
2006-05-14,5047697,9780094,539513,1869010,17236314,0.91,2006,May,2006-05
2006-05-21,4878079,9039242,475687,1706337,16099345,0.95,2006,May,2006-05
2006-05-28,5530977,11184167,584143,2145814,19445101,0.88,2006,May,2006-05
2006-06-04,5318914,10763632,565844,2792109,19440499,0.88,2006,Jun,2006-06
2006-06-11,5037940,10607212,645250,2336500,18626902,0.88,2006,Jun,2006-06
2006-06-18,5475677,10534965,589527,2484746,19084915,0.87,2006,Jun,2006-06
2006-06-25,5447766,10514567,1434278,2670949,20067560,0.86,2006,Jun,2006-06
2006-07-02,4477452,10998170,1022286,2654312,19152220,0.93,2006,Jul,2006-07
2006-07-09,7702481,10860592,1222059,2233814,22018946,0.82,2006,Jul,2006-07
2006-07-16,6362504,9566690,1030617,2351036,19310847,0.85,2006,Jul,2006-07
2006-07-23,7447145,10201226,1078401,2279148,21005920,0.8,2006,Jul,2006-07
2006-07-30,6497417,10209870,933628,1916492,19557407,0.85,2006,Jul,2006-07
2006-08-06,6756856,11566365,1026924,1908526,21258671,0.81,2006,Aug,2006-08
2006-08-13,7102840,9411153,1570598,1787211,19871802,0.84,2006,Aug,2006-08
2006-08-20,6601853,9231905,1270273,1833680,18937711,0.84,2006,Aug,2006-08
2006-08-27,6683760,9270599,966181,1813074,18733614,0.84,2006,Aug,2006-08
2006-09-03,6769853,9586912,1074503,1700624,19131892,0.87,2006,Sep,2006-09
2006-09-10,6537423,8420039,1287101,1797397,18041960,0.86,2006,Sep,2006-09
2006-09-17,6680809,8275347,1042943,1528193,17527292,0.83,2006,Sep,2006-09
2006-09-24,6494419,7871143,776406,1503733,16645701,0.86,2006,Sep,2006-09
2006-10-01,6876302,8467235,1007457,1439232,17790226,0.83,2006,Oct,2006-10
2006-10-08,7688191,8779824,706713,1474239,18648967,0.78,2006,Oct,2006-10
2006-10-15,5619018,9189738,811923,1482657,17103336,0.81,2006,Oct,2006-10
2006-10-22,5442287,8468807,779084,1627966,16318144,0.83,2006,Oct,2006-10
2006-10-29,5517790,9516357,982355,1510687,17527189,0.82,2006,Oct,2006-10
2006-11-05,5245532,9792305,644226,1318455,17000518,0.8,2006,Nov,2006-11
2006-11-12,6064902,8442435,586913,1436015,16530265,0.8,2006,Nov,2006-11
2006-11-19,4946529,8397466,509470,1364130,15217595,0.82,2006,Nov,2006-11
2006-11-26,3355435,7634783,450107,1304628,12744953,0.94,2006,Nov,2006-11
2006-12-03,3933893,9679806,424452,1246562,15284713,0.86,2006,Dec,2006-12
2006-12-10,4085658,8428576,397496,1233625,14145355,0.9,2006,Dec,2006-12
2006-12-17,3581326,10203100,400483,1249268,15434177,0.83,2006,Dec,2006-12
2006-12-24,4383952,9929105,557386,2076906,16947349,0.87,2006,Dec,2006-12
2006-12-31,5417301,13263311,553378,1335424,20569414,0.78,2006,Dec,2006-12
2007-01-07,4018802,12202442,442363,1551915,18215522,0.84,2007,Jan,2007-01
2007-01-14,5409881,10201388,269718,1987612,17868599,0.89,2007,Jan,2007-01
2007-01-21,4864644,9323413,297957,2258241,16744255,0.89,2007,Jan,2007-01
2007-01-28,5332108,9025316,299267,1617307,16273998,0.91,2007,Jan,2007-01
2007-02-04,7839808,16547626,496450,1687613,26571497,0.84,2007,Feb,2007-02
2007-02-11,5807408,10734493,271772,1585483,18399156,0.89,2007,Feb,2007-02
2007-02-18,4965365,9395180,312464,1567369,16240378,0.93,2007,Feb,2007-02
2007-02-25,5899298,9245902,400236,1545209,17090645,0.9,2007,Feb,2007-02
2007-03-04,5332786,11032217,332526,1575798,18273327,0.91,2007,Mar,2007-03
2007-03-11,6096351,11173519,431720,1609245,19310835,0.86,2007,Mar,2007-03
2007-03-18,4965326,12228712,257691,1516797,18968526,0.89,2007,Mar,2007-03
2007-03-25,4866150,9660885,328403,1777689,16633127,0.95,2007,Mar,2007-03
2007-04-01,5139117,9709228,335186,1645486,16829017,0.99,2007,Apr,2007-04
2007-04-08,5403591,9648717,240213,1747303,17039824,1.03,2007,Apr,2007-04
2007-04-15,5572019,8355503,383541,1563945,15875008,1.01,2007,Apr,2007-04
2007-04-22,5303369,8509753,431541,1778088,16022751,1.06,2007,Apr,2007-04
2007-04-29,5632444,8796910,464430,1626060,16519844,1.07,2007,Apr,2007-04
2007-05-06,8056078,14093084,425864,1725091,24300117,0.97,2007,May,2007-05
2007-05-13,6194968,9273739,402711,1704493,17575911,1.05,2007,May,2007-05
2007-05-20,5819874,8806192,424383,1748161,16798610,1.09,2007,May,2007-05
2007-05-27,5506536,9773277,358563,1908974,17547350,1.13,2007,May,2007-05
2007-06-03,5501561,8510735,379571,1948136,16340003,1.11,2007,Jun,2007-06
2007-06-10,5475262,8232947,440345,1914508,16063062,1.11,2007,Jun,2007-06
2007-06-17,5774579,8905131,458818,1915105,17053633,1.1,2007,Jun,2007-06
2007-06-24,7556876,8821028,452274,1733981,18564159,1.01,2007,Jun,2007-06
2007-07-01,6196890,9733961,463851,1992971,18387673,1.07,2007,Jul,2007-07
2007-07-08,6358624,10010595,542538,2059285,18971042,1.13,2007,Jul,2007-07
2007-07-15,5312752,9502212,379877,1890286,17085127,1.12,2007,Jul,2007-07
2007-07-22,5116826,7876526,361274,1873801,15228427,1.17,2007,Jul,2007-07
2007-07-29,4935526,8172509,439331,1785280,15332646,1.17,2007,Jul,2007-07
2007-08-05,5327741,7555812,474664,1935538,15293755,1.16,2007,Aug,2007-08
2007-08-12,5287200,7849297,617579,1843025,15597101,1.16,2007,Aug,2007-08
2007-08-19,4443787,7628503,446402,1977661,14496353,1.21,2007,Aug,2007-08
2007-08-26,4360925,7893339,278066,2005991,14538321,1.19,2007,Aug,2007-08
2007-09-02,4888916,7368955,423612,2262890,14944373,1.19,2007,Sep,2007-09
2007-09-09,3919667,7260156,447504,2080700,13708027,1.25,2007,Sep,2007-09
2007-09-16,3974459,7169795,464359,1899640,13508253,1.21,2007,Sep,2007-09
2007-09-23,4693295,7718029,434760,1764974,14611058,1.11,2007,Sep,2007-09
2007-09-30,4610802,7972464,390471,1556754,14530491,1.09,2007,Sep,2007-09
2007-10-07,5655488,8433886,436051,1743968,16269393,1.01,2007,Oct,2007-10
2007-10-14,4672588,7393196,356235,1498708,13920727,1.06,2007,Oct,2007-10
2007-10-21,5059115,8118751,326586,1756406,15260858,1.01,2007,Oct,2007-10
2007-10-28,4780210,8579593,216090,1463311,15039204,1.01,2007,Oct,2007-10
2007-11-04,4486315,8821420,231863,1362044,14901642,1.02,2007,Nov,2007-11
2007-11-11,4890696,7011882,317833,1373051,13593462,1.06,2007,Nov,2007-11
2007-11-18,4187439,6546702,325367,1364935,12424443,1.12,2007,Nov,2007-11
2007-11-25,3537010,6166715,179536,1424674,11307935,1.18,2007,Nov,2007-11
2007-12-02,4258270,6938143,205074,1547634,12949121,1.07,2007,Dec,2007-12
2007-12-09,4319603,7157439,291672,1331731,13100445,1.08,2007,Dec,2007-12
2007-12-16,4104877,6809521,323424,1386235,12624057,1.11,2007,Dec,2007-12
2007-12-23,4329120,7240617,441139,1484830,13495706,1.13,2007,Dec,2007-12
2007-12-30,5595952,10555186,395300,1359407,17905845,1.02,2007,Dec,2007-12
2008-01-13,4543425,8630487,340374,1725242,15239528,1.14,2008,Jan,2008-01
2008-01-20,4501478,8483182,434182,1689513,15108355,1.12,2008,Jan,2008-01
2008-01-27,4399062,7666419,394595,1526530,13986606,1.14,2008,Jan,2008-01
2008-02-03,8432446,13975981,576011,1567877,24552315,0.99,2008,Feb,2008-02
2008-02-10,5809921,8139160,511895,1532871,15993847,1.07,2008,Feb,2008-02
2008-02-17,5238145,6644649,515927,1621406,14020127,1.13,2008,Feb,2008-02
2008-02-24,5439829,7607614,539081,1656976,15243500,1.11,2008,Feb,2008-02
2008-03-02,5479602,8775453,622954,1542040,16420049,1.08,2008,Mar,2008-03
2008-03-09,4726442,8120350,504572,1523567,14874931,1.18,2008,Mar,2008-03
2008-03-16,5567945,7465519,453177,1594328,15080969,1.15,2008,Mar,2008-03
2008-03-23,6506403,6971138,631731,1713617,15822889,1.14,2008,Mar,2008-03
2008-03-30,5553332,8409561,675086,1577343,16215322,1.11,2008,Mar,2008-03
2008-04-06,5307751,8156925,466869,1861477,15793022,1.12,2008,Apr,2008-04
2008-04-13,5795030,8162392,629525,2004047,16590994,1.14,2008,Apr,2008-04
2008-04-20,5595585,6904647,670374,2008558,15179164,1.21,2008,Apr,2008-04
2008-04-27,4934673,7631351,579007,2240544,15385575,1.22,2008,Apr,2008-04
2008-05-04,8971278,13663883,460067,1903969,24999197,0.98,2008,May,2008-05
2008-05-11,6644686,10105334,558196,2009584,19317800,1.09,2008,May,2008-05
2008-05-18,6516924,8274549,663198,2191915,17646586,1.14,2008,May,2008-05
2008-05-25,6328907,8761950,622017,2194420,17907294,1.2,2008,May,2008-05
2008-06-01,6248343,8228928,433317,2394950,17305538,1.18,2008,Jun,2008-06
2008-06-08,6737073,6956131,627189,2395869,16716262,1.2,2008,Jun,2008-06
2008-06-15,6542338,7465551,831008,2413123,17252020,1.21,2008,Jun,2008-06
2008-06-22,7882082,7219209,730765,2354019,18186075,1.14,2008,Jun,2008-06
2008-06-29,6344305,7059325,645677,2089070,16138377,1.23,2008,Jun,2008-06
2008-07-06,6484527,9597905,808593,2558896,19449921,1.26,2008,Jul,2008-07
2008-07-13,6223124,7161420,694048,2237458,16316050,1.24,2008,Jul,2008-07
2008-07-20,5860301,7166217,730055,2075883,15832456,1.27,2008,Jul,2008-07
2008-07-27,5304990,6701795,799789,2182405,14988979,1.3,2008,Jul,2008-07
2008-08-03,5437723,6662683,775414,2204857,15080677,1.3,2008,Aug,2008-08
2008-08-10,5856850,7238413,654257,2185661,15935181,1.28,2008,Aug,2008-08
2008-08-17,5372891,8323839,395470,2196173,16288373,1.25,2008,Aug,2008-08
2008-08-24,5730299,6849214,414413,2217436,15211362,1.25,2008,Aug,2008-08
2008-08-31,5028008,7130213,532221,2291736,14982178,1.32,2008,Aug,2008-08
2008-09-07,4878866,7330500,512923,2274162,14996451,1.3,2008,Sep,2008-09
2008-09-14,4861191,6729039,444525,2083984,14118739,1.28,2008,Sep,2008-09
2008-09-21,5104618,6664666,494354,1943289,14206927,1.26,2008,Sep,2008-09
2008-09-28,5589854,6242857,453646,1939659,14226016,1.2,2008,Sep,2008-09
2008-10-05,5502002,6513520,495667,1896700,14407889,1.18,2008,Oct,2008-10
2008-10-12,5458360,6708740,412641,1746601,14326342,1.17,2008,Oct,2008-10
2008-10-19,5598835,9110455,391481,1600811,16701582,1.12,2008,Oct,2008-10
2008-10-26,4751637,7516147,397850,1490751,14156385,1.14,2008,Oct,2008-10
2008-11-02,5231991,7996613,456743,1431385,15116732,1.12,2008,Nov,2008-11
2008-11-09,6537309,7968560,419699,1780911,16706479,0.99,2008,Nov,2008-11
2008-11-16,6146470,7038243,445601,1736696,15367010,1.06,2008,Nov,2008-11
2008-11-23,4662411,6559477,317624,1831801,13371313,1.13,2008,Nov,2008-11
2008-11-30,4056036,5874327,235203,1579479,11745045,1.2,2008,Nov,2008-11
2008-12-07,5670437,7962006,258700,1396490,15287633,1.02,2008,Dec,2008-12
2008-12-14,5028002,7362639,306018,1558649,14255308,1.04,2008,Dec,2008-12
2008-12-21,4935545,6945272,681333,1573207,14135357,1.11,2008,Dec,2008-12
2008-12-28,5782695,7914843,505303,1540852,15743693,1.1,2008,Dec,2008-12
2009-01-04,6441866,13033354,501055,1619001,21595276,1.03,2009,Jan,2009-01
2009-01-11,6780065,7539141,291422,835358,15445986,1.03,2009,Jan,2009-01
2009-01-18,6466818,8132101,323055,854944,15776918,1.03,2009,Jan,2009-01
2009-01-25,7156844,7141216,319643,921233,15538936,1.02,2009,Jan,2009-01
2009-02-01,12352795,12882245,514512,988603,26738155,0.85,2009,Feb,2009-02
2009-02-08,9230846,8232709,339463,991079,18794097,0.92,2009,Feb,2009-02
2009-02-15,6855520,6024323,522383,995025,14397251,1.04,2009,Feb,2009-02
2009-02-22,7115143,7843292,369843,1026141,16354419,1,2009,Feb,2009-02
2009-03-01,6571237,8330950,376349,934802,16213338,1.02,2009,Mar,2009-03
2009-03-08,7070724,7911424,415691,752736,16150575,1.01,2009,Mar,2009-03
2009-03-15,7365495,7348989,499441,1036872,16250797,1.04,2009,Mar,2009-03
2009-03-22,7747494,8409223,421647,1071230,17649594,0.97,2009,Mar,2009-03
2009-03-29,7282259,7608591,385120,1141657,16417627,1.02,2009,Mar,2009-03
2009-04-05,6965661,9623216,603380,980752,18173009,1.01,2009,Apr,2009-04
2009-04-12,7645762,8500286,708524,987175,17841747,1.05,2009,Apr,2009-04
2009-04-19,7433559,7542829,492691,1031384,16500463,1.05,2009,Apr,2009-04
2009-04-26,6911860,7589997,574410,1123089,16199356,1.11,2009,Apr,2009-04
2009-05-03,9646990,11575332,545350,897556,22665228,0.97,2009,May,2009-05
2009-05-10,8636339,9909100,627658,970298,20143395,1.01,2009,May,2009-05
2009-05-17,7384529,7443075,502984,964158,16294746,1.14,2009,May,2009-05
2009-05-24,7984724,8694228,586513,950968,18216433,1.16,2009,May,2009-05
2009-05-31,7890352,8359239,468343,949722,17667656,1.15,2009,May,2009-05
2009-06-07,7722444,8257579,535198,861015,17376236,1.15,2009,Jun,2009-06
2009-06-14,6608517,7260443,631232,886893,15387085,1.25,2009,Jun,2009-06
2009-06-21,6769046,7542057,579707,920402,15811212,1.25,2009,Jun,2009-06
2009-06-28,6539693,7201243,480087,921794,15142817,1.28,2009,Jun,2009-06
2009-07-05,6979781,8736511,636175,999874,17352341,1.32,2009,Jul,2009-07
2009-07-12,6001477,7155850,480607,959038,14596972,1.32,2009,Jul,2009-07
2009-07-19,5652786,7028673,372986,917103,13971548,1.36,2009,Jul,2009-07
2009-07-26,4921855,6623541,398367,893629,12837392,1.42,2009,Jul,2009-07
2009-08-02,5036394,6784385,377815,903139,13101733,1.39,2009,Aug,2009-08
2009-08-09,5044006,6742266,374085,900420,13060777,1.4,2009,Aug,2009-08
2009-08-16,5609628,6568592,354390,858033,13390643,1.37,2009,Aug,2009-08
2009-08-23,5825536,7195475,349363,865433,14235807,1.28,2009,Aug,2009-08
2009-08-30,5542621,7837658,315308,923050,14618637,1.22,2009,Aug,2009-08
2009-09-06,8738965,10711318,267796,1148840,20866919,0.99,2009,Sep,2009-09
2009-09-13,9043644,8582736,179202,1074574,18880156,0.99,2009,Sep,2009-09
2009-09-20,9347602,10267731,165669,1079330,20860332,0.86,2009,Sep,2009-09
2009-09-27,7776637,8910300,146135,1041098,17874170,0.93,2009,Sep,2009-09
2009-10-04,6028161,8123731,140808,1052939,15345639,1.02,2009,Oct,2009-10
2009-10-11,6066077,8790478,149602,1041841,16047998,0.98,2009,Oct,2009-10
2009-10-18,7353133,8040278,160829,1084680,16638920,0.96,2009,Oct,2009-10
2009-10-25,8108729,8630434,161404,1084921,17985488,0.92,2009,Oct,2009-10
2009-11-01,7118148,8927724,150997,1273534,17470403,0.93,2009,Nov,2009-11
2009-11-08,7646476,8170345,186966,1286975,17290762,0.9,2009,Nov,2009-11
2009-11-15,7301943,9717305,175821,1165816,18360885,0.85,2009,Nov,2009-11
2009-11-22,5988332,7954520,161346,1064e3,15168198,0.91,2009,Nov,2009-11
2009-11-29,5521588,6153961,142605,1108246,12926400,0.99,2009,Nov,2009-11
2009-12-06,6688808,8458150,160290,981739,16288987,0.9,2009,Dec,2009-12
2009-12-13,6672256,7691035,154911,1277606,15795808,0.89,2009,Dec,2009-12
2009-12-20,6184657,6676609,186034,1407453,14454753,0.96,2009,Dec,2009-12
2009-12-27,6259779,7815317,225229,1224147,15524472,0.98,2009,Dec,2009-12
2010-01-03,11234727,12944724,292242,1162803,25634496,0.75,2010,Jan,2010-01
2010-01-10,8376055,9098999,252302,1355702,19083058,0.87,2010,Jan,2010-01
2010-01-17,8171884,9926733,402394,1295527,19796538,0.91,2010,Jan,2010-01
2010-01-24,7729583,10492164,294940,1304449,19821136,0.9,2010,Jan,2010-01
2010-01-31,7940409,8426871,398770,1330176,18096226,0.95,2010,Jan,2010-01
2010-02-07,14515540,17403166,692554,1453047,34064307,0.73,2010,Feb,2010-02
2010-02-14,10081750,10496397,419818,1333952,22331917,0.81,2010,Feb,2010-02
2010-02-21,7755906,6991041,465634,1313584,16526165,0.98,2010,Feb,2010-02
2010-02-28,7917086,8744364,1060205,1349189,19070844,0.97,2010,Feb,2010-02
2010-03-07,8631930,9068433,930528,1611032,20241923,0.97,2010,Mar,2010-03
2010-03-14,8569963,10604860,804588,1552965,21532376,0.92,2010,Mar,2010-03
2010-03-21,9076477,9988573,925685,1439812,21430547,0.91,2010,Mar,2010-03
2010-03-28,9091007,10796521,1139030,1347703,22374261,0.91,2010,Mar,2010-03
2010-04-04,9735641,9429587,1094693,1348699,21608620,0.94,2010,Apr,2010-04
2010-04-11,8498059,9679211,835228,1043208,20055706,0.95,2010,Apr,2010-04
2010-04-18,8385924,10377232,928991,1138021,20830168,0.97,2010,Apr,2010-04
2010-04-25,7635059,9909708,1079807,1221909,19846483,1,2010,Apr,2010-04
2010-05-02,10795857,14844105,1106407,1245392,27991761,0.84,2010,May,2010-05
2010-05-09,11605466,14422036,902094,1377955,28307551,0.82,2010,May,2010-05
2010-05-16,8719378,8499197,1101172,1269215,19588962,1,2010,May,2010-05
2010-05-23,8491394,9848391,958580,1204109,20502474,0.99,2010,May,2010-05
2010-05-30,9418403,11116405,815510,1327226,22677544,0.98,2010,May,2010-05
2010-06-06,9961918,9117703,823772,1288163,21191556,1,2010,Jun,2010-06
2010-06-13,10411253,8438801,997419,1115343,20962816,0.99,2010,Jun,2010-06
2010-06-20,11227951,8829343,708088,1324851,22090233,0.95,2010,Jun,2010-06
2010-06-27,9883578,8268722,705349,1185138,20042787,1.01,2010,Jun,2010-06
2010-07-04,11736831,10139920,730598,1626430,24233779,0.98,2010,Jul,2010-07
2010-07-11,10274842,8719833,707180,1649122,21350977,1.01,2010,Jul,2010-07
2010-07-18,9758662,8843749,708001,1458239,20768651,1.02,2010,Jul,2010-07
2010-07-25,10387416,8558725,631508,1418415,20996064,0.99,2010,Jul,2010-07
2010-08-01,9351602,8998805,530616,1332341,20213364,1.01,2010,Aug,2010-08
2010-08-08,9487684,9496866,426358,1346624,20757532,1.02,2010,Aug,2010-08
2010-08-15,9278336,8352203,520149,1424592,19575280,1.04,2010,Aug,2010-08
2010-08-22,8620295,8502899,457260,1500235,19080689,1.07,2010,Aug,2010-08
2010-08-29,9072988,8132985,300562,1510104,19016639,1.04,2010,Aug,2010-08
2010-09-05,11040428,10066801,352681,1541706,23001616,0.97,2010,Sep,2010-09
2010-09-12,10408050,8278922,287083,1447051,20421106,1,2010,Sep,2010-09
2010-09-19,8805321,8817349,323978,1311505,19258153,0.99,2010,Sep,2010-09
2010-09-26,7525566,7872897,284041,1503657,17186161,1.05,2010,Sep,2010-09
2010-10-03,7590777,7526368,274954,1380158,16772257,1.06,2010,Oct,2010-10
2010-10-10,7753185,7748942,334520,1512305,17348952,1.06,2010,Oct,2010-10
2010-10-17,8131741,8502522,336756,1502938,18473957,1.01,2010,Oct,2010-10
2010-10-24,7639378,7883633,284113,1412961,17220085,1.03,2010,Oct,2010-10
2010-10-31,7529918,8002338,279217,1297665,17109138,1.01,2010,Oct,2010-10
2010-11-07,7818554,7413196,554129,1183345,16969224,1,2010,Nov,2010-11
2010-11-14,6851936,8099437,724848,1277817,16954038,1,2010,Nov,2010-11
2010-11-21,5943709,6579850,441169,1168788,14133516,1.07,2010,Nov,2010-11
2010-11-28,5623688,5474212,390575,1125464,12613939,1.1,2010,Nov,2010-11
2010-12-05,6692123,7049853,657280,1144885,15544141,1.01,2010,Dec,2010-12
2010-12-12,6389559,6514973,774321,1190514,14869367,1.04,2010,Dec,2010-12
2010-12-19,6112470,5854523,832003,1209519,14008515,1.08,2010,Dec,2010-12
2010-12-26,6147096,6560193,898665,1412956,15018910,1.12,2010,Dec,2010-12
2011-01-02,9184204,10851369,829822,1616500,22481895,0.93,2011,Jan,2011-01
2011-01-09,7775785,8804841,746905,1429995,18757526,1.02,2011,Jan,2011-01
2011-01-16,7938697,8769277,865911,1408905,18982790,1.05,2011,Jan,2011-01
2011-01-23,7493861,9386580,841561,1480889,19202891,1.04,2011,Jan,2011-01
2011-01-30,7432837,7404200,837834,1475130,17150001,1.11,2011,Jan,2011-01
2011-02-06,12607861,14671312,1392527,1638687,30310387,0.91,2011,Feb,2011-02
2011-02-13,8938745,9138678,979369,1502565,20559357,0.99,2011,Feb,2011-02
2011-02-20,7408094,7390026,812702,1544897,17155719,1.09,2011,Feb,2011-02
2011-02-27,7105796,7712492,935691,1552367,17306346,1.11,2011,Feb,2011-02
2011-03-06,7168608,8859693,1064074,1537064,18629439,1.1,2011,Mar,2011-03
2011-03-13,6445183,7195810,652169,1512209,15805371,1.23,2011,Mar,2011-03
2011-03-20,6499509,6416396,675869,1385772,14977546,1.3,2011,Mar,2011-03
2011-03-27,6573211,6117070,724226,1236713,14651220,1.35,2011,Mar,2011-03
2011-04-03,6680766,6058934,696413,1142677,14578790,1.38,2011,Apr,2011-04
2011-04-10,6725289,6304825,713571,1185030,14928715,1.41,2011,Apr,2011-04
2011-04-17,6544371,6177632,622614,1273337,14617954,1.43,2011,Apr,2011-04
2011-04-24,6777325,5894118,661502,1302310,14635255,1.47,2011,Apr,2011-04
2011-05-01,6936419,5956143,605371,1174869,14672802,1.42,2011,May,2011-05
2011-05-08,9517364,8162043,678195,1509693,19867295,1.32,2011,May,2011-05
2011-05-15,7784849,6214297,546692,1259584,15805422,1.35,2011,May,2011-05
2011-05-22,7280573,6187100,570134,1181833,15219640,1.38,2011,May,2011-05
2011-05-29,8257797,6685760,609586,1300275,16853418,1.37,2011,May,2011-05
2011-06-05,8552608,6559706,608468,1365130,17085912,1.38,2011,Jun,2011-06
2011-06-12,7926734,6785281,615054,1361545,16688614,1.39,2011,Jun,2011-06
2011-06-19,8632818,6833282,473868,1548113,17488081,1.38,2011,Jun,2011-06
2011-06-26,8182515,6707824,292078,1480210,16662627,1.37,2011,Jun,2011-06
2011-07-03,8450044,6708047,349039,1490268,16997398,1.5,2011,Jul,2011-07
2011-07-10,8556056,6605663,293303,1290587,16745609,1.49,2011,Jul,2011-07
2011-07-17,7707267,5547932,289662,1269617,14814478,1.55,2011,Jul,2011-07
2011-07-24,7535302,5418783,282903,1274413,14511401,1.57,2011,Jul,2011-07
2011-07-31,6970545,5382530,337822,1210496,13901393,1.59,2011,Jul,2011-07
2011-08-07,7123660,5607169,383574,1212481,14326884,1.58,2011,Aug,2011-08
2011-08-14,7018570,5469038,360173,1177336,14025117,1.59,2011,Aug,2011-08
2011-08-21,6478042,5370664,429998,1179317,13458021,1.6,2011,Aug,2011-08
2011-08-28,6235743,5331844,386415,1167399,13121401,1.59,2011,Aug,2011-08
2011-09-04,7157672,5276349,351795,1109123,13894939,1.55,2011,Sep,2011-09
2011-09-11,6841861,5628203,308742,1227420,14006226,1.55,2011,Sep,2011-09
2011-09-18,7482910,5242820,247770,1254272,14227772,1.42,2011,Sep,2011-09
2011-09-25,7485534,5366362,218167,1161743,14231806,1.36,2011,Sep,2011-09
2011-10-02,7080843,5620858,197754,1122356,14021811,1.33,2011,Oct,2011-10
2011-10-09,8184108,7794257,252570,1172984,17403919,1.15,2011,Oct,2011-10
2011-10-16,8280768,7024427,264237,1240677,16810109,1.12,2011,Oct,2011-10
2011-10-23,8676700,6274748,211993,1562246,16725687,1.05,2011,Oct,2011-10
2011-10-30,8567811,7278412,234797,1780007,17861027,1.01,2011,Oct,2011-10
2011-11-06,8199560,6341908,240298,1405940,16187706,1.03,2011,Nov,2011-11
2011-11-13,8265031,7805574,262413,1178031,17511049,0.99,2011,Nov,2011-11
2011-11-20,6747443,6190152,287168,1126286,14351049,1.08,2011,Nov,2011-11
2011-11-27,6015563,5050325,306438,1031718,12404044,1.13,2011,Nov,2011-11
2011-12-04,7506858,6699742,460467,1086730,15753797,1.01,2011,Dec,2011-12
2011-12-11,7443873,7513141,378137,1171020,16506171,0.96,2011,Dec,2011-12
2011-12-18,6243842,6506113,391139,1292301,14433395,1.06,2011,Dec,2011-12
2011-12-25,7046506,7909930,384950,1617445,16958831,1.07,2011,Dec,2011-12
2012-01-01,10297584,10247529,468161,1731092,22744366,0.89,2012,Jan,2012-01
2012-01-08,10002342,8340256,302483,1779464,20424545,0.96,2012,Jan,2012-01
2012-01-15,9922646,8470708,308836,1828426,20530616,0.98,2012,Jan,2012-01
2012-01-22,10110350,8986298,304728,1776717,21178093,0.96,2012,Jan,2012-01
2012-01-29,9484997,8024023,350915,1794756,19654691,1,2012,Jan,2012-01
2012-02-05,16529786,15795879,586237,2314443,35226345,0.8,2012,Feb,2012-02
2012-02-12,10620099,9750718,442802,1808965,22622584,0.93,2012,Feb,2012-02
2012-02-19,8533712,7734331,366194,1699819,18334056,1.03,2012,Feb,2012-02
2012-02-26,8959331,8300769,403631,1780510,19444241,1.03,2012,Feb,2012-02
2012-03-04,8989482,9739673,585316,1865137,21179608,0.98,2012,Mar,2012-03
2012-03-11,9841880,9208104,526846,1852928,21429758,0.97,2012,Mar,2012-03
2012-03-18,10830190,8410618,382581,1858860,21482249,0.98,2012,Mar,2012-03
2012-03-25,10470418,8667303,560669,1840975,21539365,1.01,2012,Mar,2012-03
2012-04-01,10008232,9470470,400716,1839833,21719251,1.01,2012,Apr,2012-04
2012-04-08,10423468,9245068,491411,1800802,21960749,1.04,2012,Apr,2012-04
2012-04-15,10631020,9248034,650042,1941927,22471023,0.99,2012,Apr,2012-04
2012-04-22,10791424,9099143,445181,2199254,22535002,1.02,2012,Apr,2012-04
2012-04-29,9667509,7989938,436342,1918772,20012561,1.12,2012,Apr,2012-04
2012-05-06,13288184,14095688,431177,2196519,30011568,1,2012,May,2012-05
2012-05-13,10569158,10153457,267425,1968152,22958192,1.07,2012,May,2012-05
2012-05-20,10140181,9286608,302803,2000811,21730403,1.1,2012,May,2012-05
2012-05-27,11333014,10939010,408374,2182943,24863341,1.07,2012,May,2012-05
2012-06-03,10205510,9520771,387206,2059481,22172968,1.12,2012,Jun,2012-06
2012-06-10,10663721,10043053,473037,1937565,23117376,1.11,2012,Jun,2012-06
2012-06-17,10635011,9500539,491493,2031243,22658286,1.12,2012,Jun,2012-06
2012-06-24,10257892,9626490,482632,2342149,22709163,1.09,2012,Jun,2012-06
2012-07-01,11341712,10244751,565963,2145620,24298046,1.06,2012,Jul,2012-07
2012-07-08,12613624,11089226,780405,2274694,26757949,1.07,2012,Jul,2012-07
2012-07-15,11495669,9548480,581022,2148503,23773674,1.06,2012,Jul,2012-07
2012-07-22,10533856,9898392,1224235,2024129,23680612,1.06,2012,Jul,2012-07
2012-07-29,11743283,9619838,644230,2014413,24021764,1.02,2012,Jul,2012-07
2012-08-05,9533084,11385485,847407,2093700,23859676,1.04,2012,Aug,2012-08
2012-08-12,7993399,11000735,772692,2051648,21818474,1.1,2012,Aug,2012-08
2012-08-19,7908583,11244900,726024,1942451,21821958,1.08,2012,Aug,2012-08
2012-08-26,8076528,11365422,965619,1913749,22321318,1.05,2012,Aug,2012-08
2012-09-02,8601370,12235811,799717,2173222,23810120,1.05,2012,Sep,2012-09
2012-09-09,8640014,11727561,782181,2073711,23223467,1.06,2012,Sep,2012-09
2012-09-16,8109313,10711570,513805,2004710,21339398,1.05,2012,Sep,2012-09
2012-09-23,8449950,10579879,536785,2310653,21877267,1.01,2012,Sep,2012-09
2012-09-30,7902799,10572211,647918,2220903,21343831,1.01,2012,Sep,2012-09
2012-10-07,8168555,10932373,702496,2411287,22214711,1,2012,Oct,2012-10
2012-10-14,7076979,9886108,687458,2334279,19984824,1.04,2012,Oct,2012-10
2012-10-21,7640950,10746775,803482,2208011,21399218,1,2012,Oct,2012-10
2012-10-28,8267414,10904154,677069,2203910,22052547,0.96,2012,Oct,2012-10
2012-11-04,6947482,9885859,744392,2014665,19592398,1,2012,Nov,2012-11
2012-11-11,7011422,10716175,830751,1945143,20503491,0.98,2012,Nov,2012-11
2012-11-18,6622694,9061208,702132,1844281,18230315,1.02,2012,Nov,2012-11
2012-11-25,5455965,7648407,620533,1744285,15469190,1.09,2012,Nov,2012-11
2012-12-02,7828840,9389780,773496,2001884,19994e3,0.95,2012,Dec,2012-12
2012-12-09,8034297,9745153,776655,2101382,20657487,0.94,2012,Dec,2012-12
2012-12-16,6429092,9391890,731504,2113118,18665604,1,2012,Dec,2012-12
2012-12-23,6615205,8946938,953680,2115480,18631303,1.01,2012,Dec,2012-12
2012-12-30,8792939,11372988,1182693,2156747,23505367,0.89,2012,Dec,2012-12
2013-01-06,8792126,13058821,1218780,2310436,25380163,0.93,2013,Jan,2013-01
2013-01-13,7602723,11616917,1218790,2599334,23037764,0.99,2013,Jan,2013-01
2013-01-20,8371093,12384457,1388039,2503876,24647465,0.95,2013,Jan,2013-01
2013-01-27,8283866,11044267,1027280,2529322,22884735,0.98,2013,Jan,2013-01
2013-02-03,13642914,18509791,1910218,3175882,37238805,0.82,2013,Feb,2013-02
2013-02-10,9749972,13682384,1125098,2783965,27341419,0.86,2013,Feb,2013-02
2013-02-17,8134410,10686435,983141,2637735,22441721,0.96,2013,Feb,2013-02
2013-02-24,8684543,11429565,1019582,2773590,23907280,0.97,2013,Feb,2013-02
2013-03-03,9340379,12921197,1584391,2897536,26743503,0.94,2013,Mar,2013-03
2013-03-10,9412845,11391864,1459429,3260064,25524202,0.94,2013,Mar,2013-03
2013-03-17,9773855,11924083,1422876,3141417,26262231,0.93,2013,Mar,2013-03
2013-03-24,9236870,11115916,1365681,2725142,24443609,0.98,2013,Mar,2013-03
2013-03-31,9013030,11128625,1229486,2756064,24127205,1.02,2013,Mar,2013-03
2013-04-07,10403797,11571477,1095363,2475739,25546376,0.98,2013,Apr,2013-04
2013-04-14,9845550,13394699,1293256,2718480,27251985,0.98,2013,Apr,2013-04
2013-04-21,10348048,11843893,1082639,3134578,26409158,0.99,2013,Apr,2013-04
2013-04-28,9349508,12520640,1192315,2912703,25975166,1.02,2013,Apr,2013-04
2013-05-05,14370863,17478391,1419359,3566528,36835141,0.9,2013,May,2013-05
2013-05-12,10499369,14040822,1604792,3215202,29360185,0.97,2013,May,2013-05
2013-05-19,9825847,12450266,1423304,3059718,26759135,1.01,2013,May,2013-05
2013-05-26,11080200,14770911,1196650,3194043,30241804,0.97,2013,May,2013-05
2013-06-02,10725840,12267645,1205056,2937365,27135906,1.03,2013,Jun,2013-06
2013-06-09,11400847,12285544,1204555,3216893,28107839,1.02,2013,Jun,2013-06
2013-06-16,11732310,12367303,1257865,3130243,28487721,1.03,2013,Jun,2013-06
2013-06-23,12317917,11893558,1056420,2845117,28113012,1.01,2013,Jun,2013-06
2013-06-30,13970911,12057938,937582,3079812,30046243,0.99,2013,Jun,2013-06
2013-07-07,14391655,13356313,1207485,3166468,32121921,1.02,2013,Jul,2013-07
2013-07-14,11883622,11576865,858332,3241005,27559824,1.05,2013,Jul,2013-07
2013-07-21,11541938,10708925,1174515,2857805,26283183,1.06,2013,Jul,2013-07
2013-07-28,10744544,10073857,916260,2553946,24288607,1.1,2013,Jul,2013-07
2013-08-04,10342900,9894701,967543,2561467,23766611,1.13,2013,Aug,2013-08
2013-08-11,9894343,10642601,884381,2412561,23833886,1.14,2013,Aug,2013-08
2013-08-18,9897461,10013006,732840,2463002,23106309,1.18,2013,Aug,2013-08
2013-08-25,9732377,10334006,633732,2424682,23124797,1.15,2013,Aug,2013-08
2013-09-01,12092983,11268486,666080,2555354,26582903,1.07,2013,Sep,2013-09
2013-09-08,11159807,11373542,596708,2581476,25711533,1.09,2013,Sep,2013-09
2013-09-15,10317712,10381518,811658,2405198,23916086,1.1,2013,Sep,2013-09
2013-09-22,10149978,8848599,407004,2778909,22184490,1.11,2013,Sep,2013-09
2013-09-29,8630113,9662340,413480,2293073,20999006,1.15,2013,Sep,2013-09
2013-10-06,9258249,11414779,473465,3169780,24316273,1.18,2013,Oct,2013-10
2013-10-13,8854344,8754496,436547,2459763,20505150,1.19,2013,Oct,2013-10
2013-10-20,8504598,8395092,434583,2293063,19627336,1.19,2013,Oct,2013-10
2013-10-27,9363718,8590481,392468,2274338,20621005,1.15,2013,Oct,2013-10
2013-11-03,8490558,9023595,425706,2309485,20249344,1.14,2013,Nov,2013-11
2013-11-10,8806692,9013854,439678,2492016,20752240,1.12,2013,Nov,2013-11
2013-11-17,9501157,9778708,568897,2636747,22485509,1.05,2013,Nov,2013-11
2013-11-24,7222141,7518965,395093,2377125,17513324,1.18,2013,Nov,2013-11
2013-12-01,7223265,6943747,315676,2173763,16656451,1.16,2013,Dec,2013-12
2013-12-08,8666802,9393004,379896,2448191,20887893,1.05,2013,Dec,2013-12
2013-12-15,8469138,8737561,364212,2564452,20135363,1.05,2013,Dec,2013-12
2013-12-22,8015174,8202936,417793,2442766,19078669,1.12,2013,Dec,2013-12
2013-12-29,9574958,10007668,480420,2532325,22595371,1.02,2013,Dec,2013-12
2014-01-05,10535645,13905103,510274,2810386,27761408,1.01,2014,Jan,2014-01
2014-01-12,9647200,11187901,435843,2714754,23985698,1.07,2014,Jan,2014-01
2014-01-19,11227324,11576636,479435,3599827,26883222,1.05,2014,Jan,2014-01
2014-01-26,10750805,11138454,418538,3317537,25625334,1.08,2014,Jan,2014-01
2014-02-02,16680906,17812656,896612,4820392,40210566,0.91,2014,Feb,2014-02
2014-02-09,11565507,13570190,540334,4040876,29716907,0.98,2014,Feb,2014-02
2014-02-16,11175169,9815919,499487,3790833,25281408,1.04,2014,Feb,2014-02
2014-02-23,10733855,11500875,863428,3673241,26771399,1.06,2014,Feb,2014-02
2014-03-02,11987727,12481378,541091,4324201,29334397,1.02,2014,Mar,2014-03
2014-03-09,11136676,11558633,578794,4030439,27304542,1.06,2014,Mar,2014-03
2014-03-16,11770793,10967927,601134,3962902,27302756,1.08,2014,Mar,2014-03
2014-03-23,10788705,11063903,576456,4219106,26648170,1.11,2014,Mar,2014-03
2014-03-30,12048233,12272006,729653,4174540,29224432,1.07,2014,Mar,2014-03
2014-04-06,12106946,11453032,721892,4623160,28905030,1.09,2014,Apr,2014-04
2014-04-13,11777708,10685753,556225,4335155,27354841,1.12,2014,Apr,2014-04
2014-04-20,10971268,10617379,599162,4604659,26792468,1.17,2014,Apr,2014-04
2014-04-27,10727417,9259539,583446,4104497,24674899,1.18,2014,Apr,2014-04
2014-05-04,15318221,12857961,944724,5142529,34263435,1.07,2014,May,2014-05
2014-05-11,12418020,11859975,654968,4481150,29414113,1.15,2014,May,2014-05
2014-05-18,11322287,9528753,593863,4364816,25809719,1.21,2014,May,2014-05
2014-05-25,12391078,11034088,680882,4770729,28876777,1.19,2014,May,2014-05
2014-06-01,11376264,10836647,694915,4597898,27505724,1.2,2014,Jun,2014-06
2014-06-08,12483169,11013008,699515,4920241,29115933,1.16,2014,Jun,2014-06
2014-06-15,12829231,11010187,784955,4785397,29409770,1.16,2014,Jun,2014-06
2014-06-22,12269591,11563597,957457,4802425,29593070,1.13,2014,Jun,2014-06
2014-06-29,11296357,10399776,1067197,4605035,27368365,1.18,2014,Jun,2014-06
2014-07-06,13097711,11610338,1482392,5036400,31226841,1.18,2014,Jul,2014-07
2014-07-13,10271670,9461638,1283915,4115605,25132828,1.22,2014,Jul,2014-07
2014-07-20,9482411,9750958,1168562,4006747,24408678,1.19,2014,Jul,2014-07
2014-07-27,9182791,9785234,906819,3976659,23851503,1.19,2014,Jul,2014-07
2014-08-03,8949992,11384479,899605,4036963,25271039,1.16,2014,Aug,2014-08
2014-08-10,9139474,11227121,861686,4077818,25306099,1.16,2014,Aug,2014-08
2014-08-17,9175287,8904390,596982,3571011,22247670,1.15,2014,Aug,2014-08
2014-08-24,8609152,9908304,595206,3353536,22466198,1.14,2014,Aug,2014-08
2014-08-31,9992502,9884838,774853,3744896,24397089,1.11,2014,Aug,2014-08
2014-09-07,8710459,9843712,487375,3898893,22940439,1.16,2014,Sep,2014-09
2014-09-14,9307435,10575193,767080,3901829,24551537,1.14,2014,Sep,2014-09
2014-09-21,8585846,10691334,684317,3816897,23778394,1.11,2014,Sep,2014-09
2014-09-28,8399928,10335989,703320,3796096,23235333,1.12,2014,Sep,2014-09
2014-10-05,9078536,10738816,607552,4019472,24444376,1.1,2014,Oct,2014-10
2014-10-12,9066632,11271526,711801,0,21049959,1.09,2014,Oct,2014-10
2014-10-19,10104281,10808796,629477,0,21542554,1.05,2014,Oct,2014-10
2014-10-26,8893025,10496629,568041,0,19957695,1.07,2014,Oct,2014-10
2015-12-27,9626901.09,10197890.05,1184340.09,6288852.44,27297983.67,0.95,2015,Dec,2015-12
2015-12-20,8710021.76,9329861.85,1201020.01,5842743.55,25083647.17,0.98,2015,Dec,2015-12
2015-12-13,9855053.66,10805838.91,1016163.17,6364279.64,28041335.38,0.93,2015,Dec,2015-12
2015-12-06,9405464.36,12160838.62,931830.63,6302262.96,28800396.57,0.89,2015,Dec,2015-12
2015-11-29,8094803.56,9003178.41,731008.41,4789009,22617999.38,0.99,2015,Nov,2015-11
2015-11-22,8571849.8,10389879.59,804662.83,5347835.89,25114228.11,0.96,2015,Nov,2015-11
2015-11-15,9907981.27,11699787.51,815641.54,6174345.95,28597756.27,0.92,2015,Nov,2015-11
2015-11-08,9991330.31,12199657.4,1143214.59,5151513.67,28485715.97,0.97,2015,Nov,2015-11
2015-11-01,10138703.85,14229286.82,1410928.18,5268565.42,31047484.27,0.97,2015,Nov,2015-11
2015-10-25,8683958.8,11410478.34,1188118.95,4957516.02,26240072.11,1.04,2015,Oct,2015-10
2015-10-18,9162094.14,14082539.61,1220251.19,4910238.66,29375123.6,0.99,2015,Oct,2015-10
2015-10-11,8828340.53,13326573.45,1614282.73,5447001.44,29216198.15,1,2015,Oct,2015-10
2015-10-04,8353619.97,13775651.69,1209045.07,4905188.79,28243505.52,1.02,2015,Oct,2015-10
2015-09-27,8454208.8,13819912.63,1061979.37,4417407.34,27753508.14,1.03,2015,Sep,2015-09
2015-09-20,9422275.27,13846044.56,1112405.42,5188361.31,29569086.56,1.02,2015,Sep,2015-09
2015-09-13,9875018.48,14888077.69,1118988.92,5363750.56,31245835.65,1.03,2015,Sep,2015-09
2015-09-06,12569277.14,14245598.38,1129771.19,5581833.37,33526480.08,1.02,2015,Sep,2015-09
2015-08-30,11650976.87,11995960.83,1060352.53,5054348.25,29761638.48,1.07,2015,Aug,2015-08
2015-08-23,11283021.31,12551529.7,909284.22,4956010.38,29699845.61,1.08,2015,Aug,2015-08
2015-08-16,12680252.48,12998327.25,1143364.58,5114911.87,31936856.18,1.05,2015,Aug,2015-08
2015-08-09,13003371.07,13926692.62,1014520.88,5310327.3,33254911.87,1.05,2015,Aug,2015-08
2015-08-02,12115233.76,12219014.12,984702.75,5039517.25,30358467.88,1.09,2015,Aug,2015-08
2015-07-26,12196225.93,12009228.05,1017157.74,5429599.36,30652211.08,1.07,2015,Jul,2015-07
2015-07-19,12742760.17,12605457.17,1154897.34,5821532.98,32324647.66,1.07,2015,Jul,2015-07
2015-07-12,12384449.4,12403360.2,980361.75,5891860.33,31660031.68,1.07,2015,Jul,2015-07
2015-07-05,15643939.37,14213650.06,1342465.95,6743614.96,37943670.34,1.04,2015,Jul,2015-07
2015-06-28,13299568.71,11505999.24,1045832.54,6557305.21,32408705.7,1.06,2015,Jun,2015-06
2015-06-21,14699604.93,13244466.6,1326422.56,6464119.81,35734613.9,1.02,2015,Jun,2015-06
2015-06-14,16383685.07,12821015.03,1085081.61,6736304.04,37026085.75,0.98,2015,Jun,2015-06
2015-06-07,16529797.6,12582265.21,1144715.95,6293216.9,36549995.66,1,2015,Jun,2015-06
2015-05-31,15503613.33,11599634.02,903908.35,5713003.39,33720159.09,1.03,2015,May,2015-05
2015-05-24,16000107.8,12513821.19,899779.92,5930474.24,35344183.15,1.04,2015,May,2015-05
2015-05-17,14615941.59,11003341.22,963549.53,5444853.81,32027686.15,1.06,2015,May,2015-05
2015-05-10,16215328.75,13509064.65,858145.45,5818347.73,36400886.58,1.02,2015,May,2015-05
2015-05-03,17787611.93,16602589.04,1118329.5,5783173.92,41291704.39,0.96,2015,May,2015-05
2015-04-26,13833715.28,10867403.08,889732.2,5303307.24,30894157.8,1.07,2015,Apr,2015-04
2015-04-19,14251319.31,12277858.78,1016631.26,5545446.91,33091256.26,1.03,2015,Apr,2015-04
2015-04-12,14793354.18,11210544.11,807942.41,5234560.94,32046401.64,1.02,2015,Apr,2015-04
2015-04-05,13939014.43,11526980.36,871981.29,5162693.36,31500669.44,1.06,2015,Apr,2015-04
2015-03-29,12524637.04,11541041.35,811272.88,5105697.16,29982648.43,1.04,2015,Mar,2015-03
2015-03-22,13697405.61,12659784.83,1066385.92,5089974.15,32513550.51,1.01,2015,Mar,2015-03
2015-03-15,13149988.71,10634070.76,871575.04,4916591.2,29572225.71,1.04,2015,Mar,2015-03
2015-03-08,13013750.35,10973972.6,834009.15,5272966.75,30094698.85,1.02,2015,Mar,2015-03
2015-03-01,13282222.98,13733124.48,1070576.07,4908090.63,32994014.16,0.97,2015,Mar,2015-03
2015-02-22,12628562.36,11354281.64,937138.85,5016746.91,29936729.76,1.02,2015,Feb,2015-02
2015-02-15,12626615.3,9783489.59,845653.52,4756762.52,28012520.93,1.03,2015,Feb,2015-02
2015-02-08,13308193.4,13381347.54,737939.45,4709852.62,32137333.01,0.95,2015,Feb,2015-02
2015-02-01,18933038.04,18956479.74,1381516.11,5384427.62,44655461.51,0.89,2015,Feb,2015-02
2015-01-25,12167445.03,10734652.82,768020.05,4800192.94,28470310.84,1.04,2015,Jan,2015-01
2015-01-18,11858139.34,11701947.8,831301.9,4652069.81,29043458.85,1.03,2015,Jan,2015-01
2015-01-11,11544810.53,12134773.38,866574.66,4517384.18,29063542.75,1.01,2015,Jan,2015-01
2015-01-04,12357161.34,13624083.05,844093.32,4498940.02,31324277.73,0.95,2015,Jan,2015-01
2016-12-25,9255125.2,10282925.61,541972.42,10207830.47,30287853.7,1,2016,Dec,2016-12
2016-12-18,9394065.91,10339168.2,427872.42,9422776.08,29583882.61,0.96,2016,Dec,2016-12
2016-12-11,9009996.11,9967220.02,403047.93,10713276.64,30093540.7,0.98,2016,Dec,2016-12
2016-12-04,11043350.9,9908982.97,428009.84,10240878.19,31621221.9,1,2016,Dec,2016-12
2016-11-27,7891487.94,7337341.77,344475.9,7349757.04,22923062.65,1.21,2016,Nov,2016-11
2016-11-20,8531160.52,8033510.82,407567.78,8017463.63,24989702.75,1.27,2016,Nov,2016-11
2016-11-13,8235135.43,7759608.21,477520.95,7602861.9,24075126.49,1.36,2016,Nov,2016-11
2016-11-06,7804252.91,7126936.31,505349.44,7098159.72,22534698.38,1.44,2016,Nov,2016-11
2016-10-30,7100458.82,6852046.35,453145.26,6604079.78,21009730.21,1.43,2016,Oct,2016-10
2016-10-23,7579629.06,8104522.26,452383.96,8616978.67,24753513.95,1.34,2016,Oct,2016-10
2016-10-16,8810664.45,8855072.75,447291.48,9594018.14,27707046.82,1.3,2016,Oct,2016-10
2016-10-09,9552502.48,9579338.98,490956.88,9234783.64,28857581.98,1.27,2016,Oct,2016-10
2016-10-02,9534915.56,9123897.74,490123.01,10466072.18,29615008.49,1.23,2016,Oct,2016-10
2016-09-25,10548061.13,9255913.78,492604.3,10008533.68,30305112.89,1.22,2016,Sep,2016-09
2016-09-18,11337829.1,9481313.14,486187.39,10040761.83,31346091.46,1.15,2016,Sep,2016-09
2016-09-11,12962762.94,10380438.09,512160.27,10271369.65,34126730.95,1.08,2016,Sep,2016-09
2016-09-04,14643465.52,11083513.46,540680.89,10863029.04,37130688.91,1.04,2016,Sep,2016-09
2016-08-28,12561055.5,10420973,563738.54,10448164.27,33993931.31,1.09,2016,Aug,2016-08
2016-08-21,12725249.3,9906498.51,609720.87,10350629.04,33592097.72,1.1,2016,Aug,2016-08
2016-08-14,12352932.68,10879341.61,749247.02,10404655.99,34386177.3,1.12,2016,Aug,2016-08
2016-08-07,12197105.36,10731379.56,754548.53,10136875.64,33819909.09,1.15,2016,Aug,2016-08
2016-07-31,10168972.37,10423957.83,783937.09,9824722.93,31201590.22,1.23,2016,Jul,2016-07
2016-07-24,10331314.28,10795751.15,947964.05,10264347.61,32339377.09,1.2,2016,Jul,2016-07
2016-07-17,10320463.27,10628872.6,953631.47,10753156.29,32656123.63,1.15,2016,Jul,2016-07
2016-07-10,11457080.38,11677528,1266433.97,11166526.08,35567568.43,1.1,2016,Jul,2016-07
2016-07-03,12508937.27,13315901.42,1761343.08,12407004.27,39993186.04,1.06,2016,Jul,2016-07
2016-06-26,12189035.17,12029918.6,1624942.43,10773127.59,36617023.79,1.04,2016,Jun,2016-06
2016-06-19,13488851.61,12842698.33,1642735.63,10515650.57,38489936.14,1.02,2016,Jun,2016-06
2016-06-12,12291686.69,11533969.83,1607344.08,10147819.4,35580820,1.04,2016,Jun,2016-06
2016-06-05,13808859.16,13396651.73,1770948.09,11254800.67,40231259.65,0.97,2016,Jun,2016-06
2016-05-29,13682611.21,13829591.06,1583495.93,10923377.04,40019075.24,0.94,2016,May,2016-05
2016-05-22,11711999.81,12981224.42,1640829.4,10623981.88,36958035.51,0.93,2016,May,2016-05
2016-05-15,12447598.49,14437190.03,1753852.61,11276355.61,39914996.74,0.89,2016,May,2016-05
2016-05-08,14223304.98,17896391.6,1993645.36,12211187.76,46324529.7,0.82,2016,May,2016-05
2016-05-01,13748944.38,15899858.37,1414364.49,11804441.3,42867608.54,0.84,2016,May,2016-05
2016-04-24,12913697.19,14382184.8,1599863.98,10711949.33,39607695.3,0.87,2016,Apr,2016-04
2016-04-17,11954487.56,12896366.58,1896149.5,10720881.55,37467885.19,0.9,2016,Apr,2016-04
2016-04-10,12879820.47,11538132.36,1666275.13,10499801.43,36584029.39,0.9,2016,Apr,2016-04
2016-04-03,11320969.79,11512621.85,1731910.48,9102948.43,33668450.55,0.94,2016,Apr,2016-04
2016-03-27,11249198.4,12745266.73,1880231.38,10055499.41,35930195.92,0.94,2016,Mar,2016-03
2016-03-20,11134390.98,13727453.57,1773088.87,9700550.36,36335483.78,0.93,2016,Mar,2016-03
2016-03-13,11661687.44,13104887.66,1800065.57,9807875.47,36374516.14,0.93,2016,Mar,2016-03
2016-03-06,11824154.63,12196587.24,1686475.33,9357288.84,35064506.04,0.95,2016,Mar,2016-03
2016-02-28,11907394.72,13210854.56,1560167.75,10123400.65,36801817.68,0.91,2016,Feb,2016-02
2016-02-21,10015825.13,12003751.56,1375260.47,9409896.06,32804733.22,0.94,2016,Feb,2016-02
2016-02-14,11913078.3,13187973.29,1811090.71,9564299.56,36476441.86,0.88,2016,Feb,2016-02
2016-02-07,16573573.78,20470572.61,2546439.11,12698112.39,52288697.89,0.76,2016,Feb,2016-02
2016-01-31,11098088.49,13278053.61,1643703.17,8701404.65,34721249.92,0.93,2016,Jan,2016-01
2016-01-24,7020459,14054367.5,1440380.36,10271872.35,32787079.21,0.95,2016,Jan,2016-01
2016-01-17,10036597.84,13832256.04,1419405.62,9138082.37,34426341.87,0.94,2016,Jan,2016-01
2016-01-10,11441286.89,13226088.66,1282612.91,9314347.55,35264336.01,0.93,2016,Jan,2016-01
2016-01-03,11616506.17,16054083.86,1560068.62,8911429.39,38142088.04,0.86,2016,Jan,2016-01
2017-12-31,13109617.49,13197460.59,644837.54,11315425.99,38267341.61,0.98,2017,Dec,2017-12
2017-12-24,10027319.18,8964247.34,546373.81,9564409,29102349.33,1.18,2017,Dec,2017-12
2017-12-17,10704214.26,9934618.43,574089.32,9544845.02,30757767.03,1.07,2017,Dec,2017-12
2017-12-10,11943914.54,11659897.51,398348.55,11632752.41,35634913.01,1.03,2017,Dec,2017-12
2017-12-03,11746980,10905968,583801,10587491,33824253,1.09,2017,Dec,2017-12
2017-11-26,9175316,7312239,379637,7819483,24686675,1.24,2017,Nov,2017-11
2017-11-19,11173132,7847059,416186,9817108,29253484,1.17,2017,Nov,2017-11
2017-11-12,11512837,9994648,416643,10412097,32336225,1.15,2017,Nov,2017-11
2017-11-05,11042128.27,9774987.75,400250.97,10834227.25,32051594.24,1.19,2017,Nov,2017-11
2017-10-29,10596902.91,9803569.58,424755.66,9412683.08,30237911.23,1.29,2017,Oct,2017-10
2017-10-22,9607586.96,8761192.74,409598.47,7928593.34,26706971.51,1.44,2017,Oct,2017-10
2017-10-15,8769357.86,8534404.17,392119.12,7335707.94,25031589.09,1.58,2017,Oct,2017-10
2017-10-08,8911144.2,7609509.9,391832.89,7484679.2,24397166.19,1.65,2017,Oct,2017-10
2017-10-01,8342407.59,8354516.32,384794.18,7528927.12,24610645.21,1.64,2017,Oct,2017-10
2017-09-24,8652381.39,8295761.93,385004.72,7304000.34,24637148.38,1.62,2017,Sep,2017-09
2017-09-17,9153158.54,8328241.87,417270.7,7496231.71,25394902.82,1.57,2017,Sep,2017-09
2017-09-10,9496485.27,8373234.08,487926.52,8027435.49,26385081.36,1.56,2017,Sep,2017-09
2017-09-03,9775062.87,8565265.61,541902.88,7926179.29,26808410.65,1.57,2017,Sep,2017-09
2017-08-27,10735709.61,8587105.6,517541.94,8944922.6,28785279.75,1.47,2017,Aug,2017-08
2017-08-20,10507928.78,8837219.28,581074.35,9987521.96,29913744.37,1.41,2017,Aug,2017-08
2017-08-13,10952703.84,11154310.29,624963.41,10085276.59,32817254.13,1.33,2017,Aug,2017-08
2017-08-06,11292580.44,10988313.58,665312.55,9583713.66,32529920.23,1.33,2017,Aug,2017-08
2017-07-30,11112191.11,11088082.78,596676.12,8959147.21,31756097.22,1.32,2017,Jul,2017-07
2017-07-23,11391055.98,11339580.43,612242.37,9265422.73,32608301.51,1.31,2017,Jul,2017-07
2017-07-16,11155465.9,11202844.97,756103.12,9340633.12,32455047.11,1.33,2017,Jul,2017-07
2017-07-09,13009944.14,11031218.25,821964.42,14504209.37,39367336.18,1.17,2017,Jul,2017-07
2017-07-02,12623188.5,10988734.57,859889.81,13538613.28,38010426.16,1.21,2017,Jul,2017-07
2017-06-25,12901031.63,10805961.74,655965.98,12942348.33,37305307.68,1.17,2017,Jun,2017-06
2017-06-18,12975373.48,11199448.6,807107.21,13265740.04,38247669.33,1.18,2017,Jun,2017-06
2017-06-11,13490545.5,10090861.46,648410.9,12810035.94,37039853.8,1.21,2017,Jun,2017-06
2017-06-04,13248334.78,10157565.24,667066.51,13279394.06,37352360.59,1.24,2017,Jun,2017-06
2017-05-28,12841952.21,10932970.72,673384.78,12582586.02,37030893.73,1.28,2017,May,2017-05
2017-05-21,12120948.7,10213231.95,621603.57,11441866.93,34397651.15,1.26,2017,May,2017-05
2017-05-14,12807836.17,9717257.8,652973.26,13456201.8,36634269.03,1.19,2017,May,2017-05
2017-05-07,17076650.82,13549102.59,863471.88,15804696.31,47293921.6,1.09,2017,May,2017-05
2017-04-30,13316594.36,11291149.13,667996.83,13039760.11,38315500.43,1.18,2017,Apr,2017-04
2017-04-23,12236713.41,10224484.11,613507.38,12654309.02,35729013.92,1.18,2017,Apr,2017-04
2017-04-16,12311055.17,10069354.29,650017.26,12151894.06,35182320.78,1.23,2017,Apr,2017-04
2017-04-09,12091315.22,10821096.24,647969.03,11225332.06,34785712.55,1.21,2017,Apr,2017-04
2017-04-02,12245520.55,9733584.68,624709.69,11864202.44,34468017.36,1.21,2017,Apr,2017-04
2017-03-26,11737559.6,9664310.82,611105.54,10542143.36,32555119.32,1.24,2017,Mar,2017-03
2017-03-19,10975689.78,9622711.73,638217.85,10358505.87,31595125.23,1.25,2017,Mar,2017-03
2017-03-12,11228357.23,9575227.17,727233.05,10489756.49,32020573.94,1.22,2017,Mar,2017-03
2017-03-05,11335275.58,10807889.59,795173.2,10745836.64,33684175.01,1.13,2017,Mar,2017-03
2017-02-26,13173668.36,11398142.68,896761.77,11539224.88,37007797.69,0.99,2017,Feb,2017-02
2017-02-19,11321732.4,10351148.2,832906.12,11400067.86,33905854.58,0.99,2017,Feb,2017-02
2017-02-12,15051951.54,12184188.37,862322.15,12979008.59,41077470.65,0.87,2017,Feb,2017-02
2017-02-05,22743616.17,20328161.55,1664383.09,16298296.29,61034457.1,0.77,2017,Feb,2017-02
2017-01-29,14034075.77,11683464.54,818727.02,12837311.92,39373579.25,0.96,2017,Jan,2017-01
2017-01-22,14254150.46,14212881.66,908616.41,12764744.86,42140393.39,0.94,2017,Jan,2017-01
2017-01-15,12936858.36,12625665.39,579346.52,12153618.04,38295488.31,0.98,2017,Jan,2017-01
2017-01-08,11809727.7,13856934.7,539068.39,11844071.83,38049802.62,0.99,2017,Jan,2017-01
2017-01-01,12707894.99,14201200.68,549844.57,11420776.61,38879716.85,0.89,2017,Jan,2017-01
2018-05-20,15391298.2,12092088.69,736111.95,16239299.46,44458798.3,1.02,2018,May,2018-05
2018-05-13,15432480.06,12367251.74,759855.73,17811658.31,46371245.84,1,2018,May,2018-05
2018-05-06,21137400.46,19900871.87,1052499.15,21625372.67,63716144.15,0.89,2018,May,2018-05
2018-04-29,14254036.95,13240108.54,744030.09,15618583.41,43856758.99,1.07,2018,Apr,2018-04
2018-04-22,14522577.86,12709402.97,722558.85,16359439.62,44313979.3,1.04,2018,Apr,2018-04
2018-04-15,15307339.31,13807126.47,894946.43,17089265.47,47098677.68,1.03,2018,Apr,2018-04
2018-04-08,13410251.75,13040703.22,737515.63,15775597.08,42964067.68,1.04,2018,Apr,2018-04
2018-04-01,13467728.25,10744041.46,732443.87,16165475.14,41109688.72,1.1,2018,Apr,2018-04
2018-03-25,14130799.1,12125711.42,758801.12,16394524.11,43409835.75,1.03,2018,Mar,2018-03
2018-03-18,13707389.51,11061051.69,645380.85,15972492.07,41386314.12,1.05,2018,Mar,2018-03
2018-03-11,14089091.05,10758039.45,707578.82,14894893.8,40449603.12,1.09,2018,Mar,2018-03
2018-03-04,14439547.46,11289307.37,571747.72,14440611.5,40741214.05,1.07,2018,Mar,2018-03
2018-02-25,13829857.87,10415463.59,724330.16,15051877.14,40021528.76,1.06,2018,Feb,2018-02
2018-02-18,13262751.42,10491918.44,552969.73,12402247.9,36709887.49,1.08,2018,Feb,2018-02
2018-02-11,15870677.7,11541844.87,652856.58,15102426.94,43167806.09,0.97,2018,Feb,2018-02
2018-02-04,21620180.9,20445501.03,1066830.22,19373134.37,62505646.52,0.87,2018,Feb,2018-02
2018-01-28,14551799.5,12119884.61,575974.74,12923981.99,40171640.84,1.09,2018,Jan,2018-01
2018-01-21,14218843.83,13929702.12,928815.12,13862460.48,42939821.55,1.08,2018,Jan,2018-01
2018-01-14,12600918.24,11866197.84,652808.4,12180020.74,37299945.22,1.2,2018,Jan,2018-01
2018-01-07,13730992.75,10781339.21,677714.86,11513109.9,36703156.72,1.13,2018,Jan,2018-01
